InteractionEngine.java,com.example.haunted.engine.InteractionEngine,org.pitest.mutationtest.engine.gregor.mutators.NegateConditionalsMutator,equipItem,55,KILLED,com.example.haunted.engine.TestInteractionEngine.[engine:junit-jupiter]/[class:com.example.haunted.engine.TestInteractionEngine]/[method:equipItemNotInInventoryFails()]
InteractionEngine.java,com.example.haunted.engine.InteractionEngine,org.pitest.mutationtest.engine.gregor.mutators.NegateConditionalsMutator,equipItem,60,KILLED,com.example.haunted.engine.TestInteractionEngine.[engine:junit-jupiter]/[class:com.example.haunted.engine.TestInteractionEngine]/[method:equipNonEquippableFails()]
InteractionEngine.java,com.example.haunted.engine.InteractionEngine,org.pitest.mutationtest.engine.gregor.mutators.NegateConditionalsMutator,equipItem,64,KILLED,com.example.haunted.engine.TestInteractionEngine.[engine:junit-jupiter]/[class:com.example.haunted.engine.TestInteractionEngine]/[method:equipNonEquippableFails()]
InteractionEngine.java,com.example.haunted.engine.InteractionEngine,org.pitest.mutationtest.engine.gregor.mutators.VoidMethodCallMutator,equipItem,61,KILLED,com.example.haunted.engine.TestInteractionEngine.[engine:junit-jupiter]/[class:com.example.haunted.engine.TestInteractionEngine]/[method:equipWeaponSucceeds()]
InteractionEngine.java,com.example.haunted.engine.InteractionEngine,org.pitest.mutationtest.engine.gregor.mutators.VoidMethodCallMutator,equipItem,65,KILLED,com.example.haunted.engine.TestInteractionEngine.[engine:junit-jupiter]/[class:com.example.haunted.engine.TestInteractionEngine]/[method:equipArmorSucceeds()]
InteractionEngine.java,com.example.haunted.engine.InteractionEngine,org.pitest.mutationtest.engine.gregor.mutators.returns.NullReturnValsMutator,equipItem,56,KILLED,com.example.haunted.engine.TestInteractionEngine.[engine:junit-jupiter]/[class:com.example.haunted.engine.TestInteractionEngine]/[method:equipItemNotInInventoryFails()]
InteractionEngine.java,com.example.haunted.engine.InteractionEngine,org.pitest.mutationtest.engine.gregor.mutators.returns.NullReturnValsMutator,equipItem,62,KILLED,com.example.haunted.engine.TestInteractionEngine.[engine:junit-jupiter]/[class:com.example.haunted.engine.TestInteractionEngine]/[method:equipWeaponSucceeds()]
InteractionEngine.java,com.example.haunted.engine.InteractionEngine,org.pitest.mutationtest.engine.gregor.mutators.returns.NullReturnValsMutator,equipItem,66,KILLED,com.example.haunted.engine.TestInteractionEngine.[engine:junit-jupiter]/[class:com.example.haunted.engine.TestInteractionEngine]/[method:equipArmorSucceeds()]
InteractionEngine.java,com.example.haunted.engine.InteractionEngine,org.pitest.mutationtest.engine.gregor.mutators.returns.NullReturnValsMutator,equipItem,68,KILLED,com.example.haunted.engine.TestInteractionEngine.[engine:junit-jupiter]/[class:com.example.haunted.engine.TestInteractionEngine]/[method:equipNonEquippableFails()]
InteractionEngine.java,com.example.haunted.engine.InteractionEngine,org.pitest.mutationtest.engine.gregor.mutators.NegateConditionalsMutator,pickUpItem,26,KILLED,com.example.haunted.engine.TestInteractionEngine.[engine:junit-jupiter]/[class:com.example.haunted.engine.TestInteractionEngine]/[method:pickUpMissingItemFails()]
InteractionEngine.java,com.example.haunted.engine.InteractionEngine,org.pitest.mutationtest.engine.gregor.mutators.NegateConditionalsMutator,pickUpItem,29,KILLED,com.example.haunted.engine.TestInteractionEngine.[engine:junit-jupiter]/[class:com.example.haunted.engine.TestInteractionEngine]/[method:pickUpWhenInventoryFullPutsItemBack()]
InteractionEngine.java,com.example.haunted.engine.InteractionEngine,org.pitest.mutationtest.engine.gregor.mutators.VoidMethodCallMutator,pickUpItem,30,KILLED,com.example.haunted.engine.TestInteractionEngine.[engine:junit-jupiter]/[class:com.example.haunted.engine.TestInteractionEngine]/[method:pickUpWhenInventoryFullPutsItemBack()]
InteractionEngine.java,com.example.haunted.engine.InteractionEngine,org.pitest.mutationtest.engine.gregor.mutators.VoidMethodCallMutator,pickUpItem,33,KILLED,com.example.haunted.engine.TestInteractionEngine.[engine:junit-jupiter]/[class:com.example.haunted.engine.TestInteractionEngine]/[method:pickUpGradebookUpdatesQuest()]
InteractionEngine.java,com.example.haunted.engine.InteractionEngine,org.pitest.mutationtest.engine.gregor.mutators.returns.NullReturnValsMutator,pickUpItem,27,KILLED,com.example.haunted.engine.TestInteractionEngine.[engine:junit-jupiter]/[class:com.example.haunted.engine.TestInteractionEngine]/[method:pickUpMissingItemFails()]
InteractionEngine.java,com.example.haunted.engine.InteractionEngine,org.pitest.mutationtest.engine.gregor.mutators.returns.NullReturnValsMutator,pickUpItem,31,KILLED,com.example.haunted.engine.TestInteractionEngine.[engine:junit-jupiter]/[class:com.example.haunted.engine.TestInteractionEngine]/[method:pickUpWhenInventoryFullPutsItemBack()]
InteractionEngine.java,com.example.haunted.engine.InteractionEngine,org.pitest.mutationtest.engine.gregor.mutators.returns.NullReturnValsMutator,pickUpItem,34,KILLED,com.example.haunted.engine.TestInteractionEngine.[engine:junit-jupiter]/[class:com.example.haunted.engine.TestInteractionEngine]/[method:pickUpGradebookUpdatesQuest()]
InteractionEngine.java,com.example.haunted.engine.InteractionEngine,org.pitest.mutationtest.engine.gregor.mutators.NegateConditionalsMutator,unlockRoom,74,KILLED,com.example.haunted.engine.TestInteractionEngine.[engine:junit-jupiter]/[class:com.example.haunted.engine.TestInteractionEngine]/[method:unlockRoomWithNoExitFails()]
InteractionEngine.java,com.example.haunted.engine.InteractionEngine,org.pitest.mutationtest.engine.gregor.mutators.NegateConditionalsMutator,unlockRoom,77,KILLED,com.example.haunted.engine.TestInteractionEngine.[engine:junit-jupiter]/[class:com.example.haunted.engine.TestInteractionEngine]/[method:unlockLockedRoomWithNullRequiredKeyFails()]
InteractionEngine.java,com.example.haunted.engine.InteractionEngine,org.pitest.mutationtest.engine.gregor.mutators.NegateConditionalsMutator,unlockRoom,81,KILLED,com.example.haunted.engine.TestInteractionEngine.[engine:junit-jupiter]/[class:com.example.haunted.engine.TestInteractionEngine]/[method:unlockLockedRoomWithNullRequiredKeyFails()]
InteractionEngine.java,com.example.haunted.engine.InteractionEngine,org.pitest.mutationtest.engine.gregor.mutators.NegateConditionalsMutator,unlockRoom,85,KILLED,com.example.haunted.engine.TestInteractionEngine.[engine:junit-jupiter]/[class:com.example.haunted.engine.TestInteractionEngine]/[method:unlockWithoutRequiredKeyFails()]
InteractionEngine.java,com.example.haunted.engine.InteractionEngine,org.pitest.mutationtest.engine.gregor.mutators.NegateConditionalsMutator,unlockRoom,85,KILLED,com.example.haunted.engine.TestInteractionEngine.[engine:junit-jupiter]/[class:com.example.haunted.engine.TestInteractionEngine]/[method:unlockWithCorrectKeySucceeds()]
InteractionEngine.java,com.example.haunted.engine.InteractionEngine,org.pitest.mutationtest.engine.gregor.mutators.returns.NullReturnValsMutator,unlockRoom,75,KILLED,com.example.haunted.engine.TestInteractionEngine.[engine:junit-jupiter]/[class:com.example.haunted.engine.TestInteractionEngine]/[method:unlockRoomWithNoExitFails()]
InteractionEngine.java,com.example.haunted.engine.InteractionEngine,org.pitest.mutationtest.engine.gregor.mutators.returns.NullReturnValsMutator,unlockRoom,78,KILLED,com.example.haunted.engine.TestInteractionEngine.[engine:junit-jupiter]/[class:com.example.haunted.engine.TestInteractionEngine]/[method:unlockAlreadyUnlockedReturnsSuccessMessage()]
InteractionEngine.java,com.example.haunted.engine.InteractionEngine,org.pitest.mutationtest.engine.gregor.mutators.returns.NullReturnValsMutator,unlockRoom,82,KILLED,com.example.haunted.engine.TestInteractionEngine.[engine:junit-jupiter]/[class:com.example.haunted.engine.TestInteractionEngine]/[method:unlockLockedRoomWithNullRequiredKeyFails()]
InteractionEngine.java,com.example.haunted.engine.InteractionEngine,org.pitest.mutationtest.engine.gregor.mutators.returns.NullReturnValsMutator,unlockRoom,86,KILLED,com.example.haunted.engine.TestInteractionEngine.[engine:junit-jupiter]/[class:com.example.haunted.engine.TestInteractionEngine]/[method:unlockWithoutRequiredKeyFails()]
InteractionEngine.java,com.example.haunted.engine.InteractionEngine,org.pitest.mutationtest.engine.gregor.mutators.returns.NullReturnValsMutator,unlockRoom,89,KILLED,com.example.haunted.engine.TestInteractionEngine.[engine:junit-jupiter]/[class:com.example.haunted.engine.TestInteractionEngine]/[method:unlockWithCorrectKeySucceeds()]
InteractionEngine.java,com.example.haunted.engine.InteractionEngine,org.pitest.mutationtest.engine.gregor.mutators.NegateConditionalsMutator,useItem,39,KILLED,com.example.haunted.engine.TestInteractionEngine.[engine:junit-jupiter]/[class:com.example.haunted.engine.TestInteractionEngine]/[method:useItemNotInInventoryFails()]
InteractionEngine.java,com.example.haunted.engine.InteractionEngine,org.pitest.mutationtest.engine.gregor.mutators.NegateConditionalsMutator,useItem,44,KILLED,com.example.haunted.engine.TestInteractionEngine.[engine:junit-jupiter]/[class:com.example.haunted.engine.TestInteractionEngine]/[method:useNonPotionItemFails()]
InteractionEngine.java,com.example.haunted.engine.InteractionEngine,org.pitest.mutationtest.engine.gregor.mutators.VoidMethodCallMutator,useItem,48,KILLED,com.example.haunted.engine.TestInteractionEngine.[engine:junit-jupiter]/[class:com.example.haunted.engine.TestInteractionEngine]/[method:usePotionHealsAndConsumes()]
InteractionEngine.java,com.example.haunted.engine.InteractionEngine,org.pitest.mutationtest.engine.gregor.mutators.returns.NullReturnValsMutator,useItem,40,KILLED,com.example.haunted.engine.TestInteractionEngine.[engine:junit-jupiter]/[class:com.example.haunted.engine.TestInteractionEngine]/[method:useItemNotInInventoryFails()]
InteractionEngine.java,com.example.haunted.engine.InteractionEngine,org.pitest.mutationtest.engine.gregor.mutators.returns.NullReturnValsMutator,useItem,45,KILLED,com.example.haunted.engine.TestInteractionEngine.[engine:junit-jupiter]/[class:com.example.haunted.engine.TestInteractionEngine]/[method:useNonPotionItemFails()]
InteractionEngine.java,com.example.haunted.engine.InteractionEngine,org.pitest.mutationtest.engine.gregor.mutators.returns.NullReturnValsMutator,useItem,50,KILLED,com.example.haunted.engine.TestInteractionEngine.[engine:junit-jupiter]/[class:com.example.haunted.engine.TestInteractionEngine]/[method:usePotionHealsAndConsumes()]
DungeonFactory.java,com.example.haunted.config.DungeonFactory,org.pitest.mutationtest.engine.gregor.mutators.VoidMethodCallMutator,createGame,41,KILLED,com.example.haunted.config.TestDungeonFactory.[engine:junit-jupiter]/[class:com.example.haunted.config.TestDungeonFactory]/[method:stairwellConnectsEastToLectureHall()]
DungeonFactory.java,com.example.haunted.config.DungeonFactory,org.pitest.mutationtest.engine.gregor.mutators.VoidMethodCallMutator,createGame,43,KILLED,com.example.haunted.config.TestDungeonFactory.[engine:junit-jupiter]/[class:com.example.haunted.config.TestDungeonFactory]/[method:bidirectionalExitsAreConsistent()]
DungeonFactory.java,com.example.haunted.config.DungeonFactory,org.pitest.mutationtest.engine.gregor.mutators.VoidMethodCallMutator,createGame,44,KILLED,com.example.haunted.config.TestDungeonFactory.[engine:junit-jupiter]/[class:com.example.haunted.config.TestDungeonFactory]/[method:lectureHallHasFourExits()]
DungeonFactory.java,com.example.haunted.config.DungeonFactory,org.pitest.mutationtest.engine.gregor.mutators.VoidMethodCallMutator,createGame,45,KILLED,"com.example.haunted.config.TestDungeonFactory.[engine:junit-jupiter]/[class:com.example.haunted.config.TestDungeonFactory]/[test-template:allRoomsExistWithCorrectNames(java.lang.String, java.lang.String)]/[test-template-invocation:#4]"
DungeonFactory.java,com.example.haunted.config.DungeonFactory,org.pitest.mutationtest.engine.gregor.mutators.VoidMethodCallMutator,createGame,46,KILLED,com.example.haunted.config.TestDungeonFactory.[engine:junit-jupiter]/[class:com.example.haunted.config.TestDungeonFactory]/[method:lectureHallHasFourExits()]
DungeonFactory.java,com.example.haunted.config.DungeonFactory,org.pitest.mutationtest.engine.gregor.mutators.VoidMethodCallMutator,createGame,48,KILLED,com.example.haunted.integration.TestGameIntegration.[engine:junit-jupiter]/[class:com.example.haunted.integration.TestGameIntegration]/[method:pickUpKeyThenUnlockExamArchive()]
DungeonFactory.java,com.example.haunted.config.DungeonFactory,org.pitest.mutationtest.engine.gregor.mutators.VoidMethodCallMutator,createGame,49,KILLED,com.example.haunted.integration.TestGameIntegration.[engine:junit-jupiter]/[class:com.example.haunted.integration.TestGameIntegration]/[method:fullHappyPathWinsGame()]
DungeonFactory.java,com.example.haunted.config.DungeonFactory,org.pitest.mutationtest.engine.gregor.mutators.VoidMethodCallMutator,createGame,51,KILLED,com.example.haunted.integration.TestGameIntegration.[engine:junit-jupiter]/[class:com.example.haunted.integration.TestGameIntegration]/[method:elevatorTrapTriggersOnFirstEntryAndDisarmsAfter()]
DungeonFactory.java,com.example.haunted.config.DungeonFactory,org.pitest.mutationtest.engine.gregor.mutators.VoidMethodCallMutator,createGame,53,KILLED,com.example.haunted.integration.TestGameIntegration.[engine:junit-jupiter]/[class:com.example.haunted.integration.TestGameIntegration]/[method:fullHappyPathWinsGame()]
DungeonFactory.java,com.example.haunted.config.DungeonFactory,org.pitest.mutationtest.engine.gregor.mutators.VoidMethodCallMutator,createGame,54,SURVIVED,none
DungeonFactory.java,com.example.haunted.config.DungeonFactory,org.pitest.mutationtest.engine.gregor.mutators.VoidMethodCallMutator,createGame,56,SURVIVED,none
DungeonFactory.java,com.example.haunted.config.DungeonFactory,org.pitest.mutationtest.engine.gregor.mutators.VoidMethodCallMutator,createGame,57,KILLED,com.example.haunted.integration.TestGameIntegration.[engine:junit-jupiter]/[class:com.example.haunted.integration.TestGameIntegration]/[method:fullHappyPathWinsGame()]
DungeonFactory.java,com.example.haunted.config.DungeonFactory,org.pitest.mutationtest.engine.gregor.mutators.VoidMethodCallMutator,createGame,59,SURVIVED,none
DungeonFactory.java,com.example.haunted.config.DungeonFactory,org.pitest.mutationtest.engine.gregor.mutators.VoidMethodCallMutator,createGame,60,SURVIVED,none
DungeonFactory.java,com.example.haunted.config.DungeonFactory,org.pitest.mutationtest.engine.gregor.mutators.VoidMethodCallMutator,createGame,61,KILLED,com.example.haunted.config.TestDungeonFactory.[engine:junit-jupiter]/[class:com.example.haunted.config.TestDungeonFactory]/[method:finalChamberIsLockedAndRequiresVaultKey()]
DungeonFactory.java,com.example.haunted.config.DungeonFactory,org.pitest.mutationtest.engine.gregor.mutators.VoidMethodCallMutator,createGame,63,KILLED,com.example.haunted.config.TestDungeonFactory.[engine:junit-jupiter]/[class:com.example.haunted.config.TestDungeonFactory]/[method:bidirectionalExitsAreConsistent()]
DungeonFactory.java,com.example.haunted.config.DungeonFactory,org.pitest.mutationtest.engine.gregor.mutators.VoidMethodCallMutator,createGame,65,KILLED,com.example.haunted.config.TestDungeonFactory.[engine:junit-jupiter]/[class:com.example.haunted.config.TestDungeonFactory]/[method:examArchiveIsLockedAndRequiresArchiveKey()]
DungeonFactory.java,com.example.haunted.config.DungeonFactory,org.pitest.mutationtest.engine.gregor.mutators.VoidMethodCallMutator,createGame,66,KILLED,com.example.haunted.config.TestDungeonFactory.[engine:junit-jupiter]/[class:com.example.haunted.config.TestDungeonFactory]/[method:finalChamberIsLockedAndRequiresVaultKey()]
DungeonFactory.java,com.example.haunted.config.DungeonFactory,org.pitest.mutationtest.engine.gregor.mutators.VoidMethodCallMutator,createGame,68,KILLED,com.example.haunted.config.TestDungeonFactory.[engine:junit-jupiter]/[class:com.example.haunted.config.TestDungeonFactory]/[method:brokenElevatorHasElectricTrap()]
DungeonFactory.java,com.example.haunted.config.DungeonFactory,org.pitest.mutationtest.engine.gregor.mutators.VoidMethodCallMutator,createGame,70,KILLED,"com.example.haunted.config.TestDungeonFactory.[engine:junit-jupiter]/[class:com.example.haunted.config.TestDungeonFactory]/[test-template:itemsArePlacedInCorrectRooms(java.lang.String, java.lang.String)]/[test-template-invocation:#1]"
DungeonFactory.java,com.example.haunted.config.DungeonFactory,org.pitest.mutationtest.engine.gregor.mutators.VoidMethodCallMutator,createGame,71,KILLED,"com.example.haunted.config.TestDungeonFactory.[engine:junit-jupiter]/[class:com.example.haunted.config.TestDungeonFactory]/[test-template:itemsArePlacedInCorrectRooms(java.lang.String, java.lang.String)]/[test-template-invocation:#2]"
DungeonFactory.java,com.example.haunted.config.DungeonFactory,org.pitest.mutationtest.engine.gregor.mutators.VoidMethodCallMutator,createGame,72,KILLED,"com.example.haunted.config.TestDungeonFactory.[engine:junit-jupiter]/[class:com.example.haunted.config.TestDungeonFactory]/[test-template:itemsArePlacedInCorrectRooms(java.lang.String, java.lang.String)]/[test-template-invocation:#3]"
DungeonFactory.java,com.example.haunted.config.DungeonFactory,org.pitest.mutationtest.engine.gregor.mutators.VoidMethodCallMutator,createGame,73,KILLED,"com.example.haunted.config.TestDungeonFactory.[engine:junit-jupiter]/[class:com.example.haunted.config.TestDungeonFactory]/[test-template:itemsArePlacedInCorrectRooms(java.lang.String, java.lang.String)]/[test-template-invocation:#4]"
DungeonFactory.java,com.example.haunted.config.DungeonFactory,org.pitest.mutationtest.engine.gregor.mutators.VoidMethodCallMutator,createGame,74,KILLED,"com.example.haunted.config.TestDungeonFactory.[engine:junit-jupiter]/[class:com.example.haunted.config.TestDungeonFactory]/[test-template:itemsArePlacedInCorrectRooms(java.lang.String, java.lang.String)]/[test-template-invocation:#5]"
DungeonFactory.java,com.example.haunted.config.DungeonFactory,org.pitest.mutationtest.engine.gregor.mutators.VoidMethodCallMutator,createGame,75,KILLED,"com.example.haunted.config.TestDungeonFactory.[engine:junit-jupiter]/[class:com.example.haunted.config.TestDungeonFactory]/[test-template:itemsArePlacedInCorrectRooms(java.lang.String, java.lang.String)]/[test-template-invocation:#6]"
DungeonFactory.java,com.example.haunted.config.DungeonFactory,org.pitest.mutationtest.engine.gregor.mutators.VoidMethodCallMutator,createGame,77,KILLED,"com.example.haunted.config.TestDungeonFactory.[engine:junit-jupiter]/[class:com.example.haunted.config.TestDungeonFactory]/[test-template:monstersArePlacedInCorrectRooms(java.lang.String, java.lang.String, int)]/[test-template-invocation:#1]"
DungeonFactory.java,com.example.haunted.config.DungeonFactory,org.pitest.mutationtest.engine.gregor.mutators.VoidMethodCallMutator,createGame,79,KILLED,"com.example.haunted.config.TestDungeonFactory.[engine:junit-jupiter]/[class:com.example.haunted.config.TestDungeonFactory]/[test-template:monstersArePlacedInCorrectRooms(java.lang.String, java.lang.String, int)]/[test-template-invocation:#2]"
DungeonFactory.java,com.example.haunted.config.DungeonFactory,org.pitest.mutationtest.engine.gregor.mutators.VoidMethodCallMutator,createGame,81,KILLED,"com.example.haunted.config.TestDungeonFactory.[engine:junit-jupiter]/[class:com.example.haunted.config.TestDungeonFactory]/[test-template:monstersArePlacedInCorrectRooms(java.lang.String, java.lang.String, int)]/[test-template-invocation:#3]"
DungeonFactory.java,com.example.haunted.config.DungeonFactory,org.pitest.mutationtest.engine.gregor.mutators.VoidMethodCallMutator,createGame,82,KILLED,"com.example.haunted.config.TestDungeonFactory.[engine:junit-jupiter]/[class:com.example.haunted.config.TestDungeonFactory]/[test-template:monstersArePlacedInCorrectRooms(java.lang.String, java.lang.String, int)]/[test-template-invocation:#4]"
DungeonFactory.java,com.example.haunted.config.DungeonFactory,org.pitest.mutationtest.engine.gregor.mutators.VoidMethodCallMutator,createGame,84,KILLED,"com.example.haunted.config.TestDungeonFactory.[engine:junit-jupiter]/[class:com.example.haunted.config.TestDungeonFactory]/[test-template:monstersArePlacedInCorrectRooms(java.lang.String, java.lang.String, int)]/[test-template-invocation:#5]"
DungeonFactory.java,com.example.haunted.config.DungeonFactory,org.pitest.mutationtest.engine.gregor.mutators.VoidMethodCallMutator,createGame,87,KILLED,com.example.haunted.config.TestDungeonFactory.[engine:junit-jupiter]/[class:com.example.haunted.config.TestDungeonFactory]/[method:gameEngineIsNotNull()]
DungeonFactory.java,com.example.haunted.config.DungeonFactory,org.pitest.mutationtest.engine.gregor.mutators.returns.NullReturnValsMutator,createGame,99,KILLED,com.example.haunted.config.TestDungeonFactory.[engine:junit-jupiter]/[class:com.example.haunted.config.TestDungeonFactory]/[method:questStartsNotCompleted()]
Room.java,com.example.haunted.model.Room,org.pitest.mutationtest.engine.gregor.mutators.returns.EmptyObjectReturnValsMutator,findItem,66,KILLED,com.example.haunted.model.TestRoom.[engine:junit-jupiter]/[class:com.example.haunted.model.TestRoom]/[method:findItemAndRemoveItemAreCaseInsensitive()]
Room.java,com.example.haunted.model.Room,org.pitest.mutationtest.engine.gregor.mutators.returns.EmptyObjectReturnValsMutator,findMonster,78,KILLED,com.example.haunted.model.TestRoom.[engine:junit-jupiter]/[class:com.example.haunted.model.TestRoom]/[method:findMonsterIsCaseInsensitive()]
Room.java,com.example.haunted.model.Room,org.pitest.mutationtest.engine.gregor.mutators.returns.EmptyObjectReturnValsMutator,getDescription,40,KILLED,com.example.haunted.model.TestRoom.[engine:junit-jupiter]/[class:com.example.haunted.model.TestRoom]/[method:basicGettersReturnConstructorValues()]
Room.java,com.example.haunted.model.Room,org.pitest.mutationtest.engine.gregor.mutators.returns.NullReturnValsMutator,getExit,48,KILLED,com.example.haunted.model.TestRoom.[engine:junit-jupiter]/[class:com.example.haunted.model.TestRoom]/[method:connectStoresExitAndGetExitRetrieves()]
Room.java,com.example.haunted.model.Room,org.pitest.mutationtest.engine.gregor.mutators.returns.EmptyObjectReturnValsMutator,getExits,52,KILLED,com.example.haunted.config.TestDungeonFactory.[engine:junit-jupiter]/[class:com.example.haunted.config.TestDungeonFactory]/[method:finalChamberIsLockedAndRequiresVaultKey()]
Room.java,com.example.haunted.model.Room,org.pitest.mutationtest.engine.gregor.mutators.returns.EmptyObjectReturnValsMutator,getId,32,KILLED,com.example.haunted.model.TestRoom.[engine:junit-jupiter]/[class:com.example.haunted.model.TestRoom]/[method:basicGettersReturnConstructorValues()]
Room.java,com.example.haunted.model.Room,org.pitest.mutationtest.engine.gregor.mutators.returns.EmptyObjectReturnValsMutator,getItems,70,KILLED,com.example.haunted.integration.TestGameIntegration.[engine:junit-jupiter]/[class:com.example.haunted.integration.TestGameIntegration]/[method:combatDropsLootIntoRoomAndReturnsIt()]
Room.java,com.example.haunted.model.Room,org.pitest.mutationtest.engine.gregor.mutators.returns.EmptyObjectReturnValsMutator,getMonsters,82,SURVIVED,none
Room.java,com.example.haunted.model.Room,org.pitest.mutationtest.engine.gregor.mutators.returns.EmptyObjectReturnValsMutator,getName,36,KILLED,com.example.haunted.model.TestRoom.[engine:junit-jupiter]/[class:com.example.haunted.model.TestRoom]/[method:basicGettersReturnConstructorValues()]
Room.java,com.example.haunted.model.Room,org.pitest.mutationtest.engine.gregor.mutators.returns.EmptyObjectReturnValsMutator,getRequiredKeyName,99,KILLED,com.example.haunted.model.TestRoom.[engine:junit-jupiter]/[class:com.example.haunted.model.TestRoom]/[method:newRoomHasNoTrapAndIsUnlocked()]
Room.java,com.example.haunted.model.Room,org.pitest.mutationtest.engine.gregor.mutators.returns.NullReturnValsMutator,getTrap,114,KILLED,com.example.haunted.model.TestRoom.[engine:junit-jupiter]/[class:com.example.haunted.model.TestRoom]/[method:setTrapAndGetTrapWorkTogether()]
Room.java,com.example.haunted.model.Room,org.pitest.mutationtest.engine.gregor.mutators.returns.BooleanFalseReturnValsMutator,hasLivingMonsters,86,KILLED,com.example.haunted.model.TestRoom.[engine:junit-jupiter]/[class:com.example.haunted.model.TestRoom]/[method:hasLivingMonstersTransitionsWhenAllDie()]
Room.java,com.example.haunted.model.Room,org.pitest.mutationtest.engine.gregor.mutators.returns.BooleanTrueReturnValsMutator,hasLivingMonsters,86,KILLED,com.example.haunted.model.TestRoom.[engine:junit-jupiter]/[class:com.example.haunted.model.TestRoom]/[method:newRoomHasNoTrapAndIsUnlocked()]
Room.java,com.example.haunted.model.Room,org.pitest.mutationtest.engine.gregor.mutators.returns.BooleanFalseReturnValsMutator,isLocked,90,KILLED,com.example.haunted.model.TestRoom.[engine:junit-jupiter]/[class:com.example.haunted.model.TestRoom]/[method:unlockWithCorrectKeyOpensRoom()]
Room.java,com.example.haunted.model.Room,org.pitest.mutationtest.engine.gregor.mutators.returns.BooleanTrueReturnValsMutator,isLocked,90,KILLED,com.example.haunted.model.TestRoom.[engine:junit-jupiter]/[class:com.example.haunted.model.TestRoom]/[method:unlockOnUnlockedRoomReturnsTrueAndStaysUnlocked()]
Room.java,com.example.haunted.model.Room,org.pitest.mutationtest.engine.gregor.mutators.returns.BooleanFalseReturnValsMutator,lambda$0,60,KILLED,com.example.haunted.model.TestRoom.[engine:junit-jupiter]/[class:com.example.haunted.model.TestRoom]/[method:findItemAndRemoveItemAreCaseInsensitive()]
Room.java,com.example.haunted.model.Room,org.pitest.mutationtest.engine.gregor.mutators.returns.BooleanTrueReturnValsMutator,lambda$0,60,KILLED,com.example.haunted.engine.TestInteractionEngine.[engine:junit-jupiter]/[class:com.example.haunted.engine.TestInteractionEngine]/[method:pickUpNullNameReturnsNotFound()]
Room.java,com.example.haunted.model.Room,org.pitest.mutationtest.engine.gregor.mutators.returns.BooleanFalseReturnValsMutator,lambda$2,66,KILLED,com.example.haunted.model.TestRoom.[engine:junit-jupiter]/[class:com.example.haunted.model.TestRoom]/[method:findItemAndRemoveItemAreCaseInsensitive()]
Room.java,com.example.haunted.model.Room,org.pitest.mutationtest.engine.gregor.mutators.returns.BooleanTrueReturnValsMutator,lambda$2,66,SURVIVED,none
Room.java,com.example.haunted.model.Room,org.pitest.mutationtest.engine.gregor.mutators.returns.BooleanFalseReturnValsMutator,lambda$3,78,KILLED,com.example.haunted.model.TestRoom.[engine:junit-jupiter]/[class:com.example.haunted.model.TestRoom]/[method:findMonsterIsCaseInsensitive()]
Room.java,com.example.haunted.model.Room,org.pitest.mutationtest.engine.gregor.mutators.returns.BooleanTrueReturnValsMutator,lambda$3,78,KILLED,com.example.haunted.model.TestRoom.[engine:junit-jupiter]/[class:com.example.haunted.model.TestRoom]/[method:findMonsterIsCaseInsensitive()]
Room.java,com.example.haunted.model.Room,org.pitest.mutationtest.engine.gregor.mutators.VoidMethodCallMutator,removeItemByName,61,KILLED,com.example.haunted.model.TestRoom.[engine:junit-jupiter]/[class:com.example.haunted.model.TestRoom]/[method:findItemAndRemoveItemAreCaseInsensitive()]
Room.java,com.example.haunted.model.Room,org.pitest.mutationtest.engine.gregor.mutators.returns.NullReturnValsMutator,removeItemByName,62,KILLED,com.example.haunted.model.TestRoom.[engine:junit-jupiter]/[class:com.example.haunted.model.TestRoom]/[method:findItemAndRemoveItemAreCaseInsensitive()]
Room.java,com.example.haunted.model.Room,org.pitest.mutationtest.engine.gregor.mutators.NegateConditionalsMutator,unlock,103,KILLED,com.example.haunted.model.TestRoom.[engine:junit-jupiter]/[class:com.example.haunted.model.TestRoom]/[method:unlockOnUnlockedRoomReturnsTrueAndStaysUnlocked()]
Room.java,com.example.haunted.model.Room,org.pitest.mutationtest.engine.gregor.mutators.NegateConditionalsMutator,unlock,106,KILLED,com.example.haunted.model.TestRoom.[engine:junit-jupiter]/[class:com.example.haunted.model.TestRoom]/[method:unlockWithCorrectKeyOpensRoom()]
Room.java,com.example.haunted.model.Room,org.pitest.mutationtest.engine.gregor.mutators.NegateConditionalsMutator,unlock,106,KILLED,com.example.haunted.model.TestRoom.[engine:junit-jupiter]/[class:com.example.haunted.model.TestRoom]/[method:unlockWithCorrectKeyOpensRoom()]
Room.java,com.example.haunted.model.Room,org.pitest.mutationtest.engine.gregor.mutators.returns.BooleanFalseReturnValsMutator,unlock,104,KILLED,com.example.haunted.model.TestRoom.[engine:junit-jupiter]/[class:com.example.haunted.model.TestRoom]/[method:unlockOnUnlockedRoomReturnsTrueAndStaysUnlocked()]
Room.java,com.example.haunted.model.Room,org.pitest.mutationtest.engine.gregor.mutators.returns.BooleanFalseReturnValsMutator,unlock,108,KILLED,com.example.haunted.model.TestRoom.[engine:junit-jupiter]/[class:com.example.haunted.model.TestRoom]/[method:unlockWithCorrectKeyOpensRoom()]
Room.java,com.example.haunted.model.Room,org.pitest.mutationtest.engine.gregor.mutators.returns.BooleanTrueReturnValsMutator,unlock,110,KILLED,com.example.haunted.model.TestRoom.[engine:junit-jupiter]/[class:com.example.haunted.model.TestRoom]/[method:unlockOnLockedRoomWithNullRequiredKeyFails()]
Player.java,com.example.haunted.model.Player,org.pitest.mutationtest.engine.gregor.mutators.MathMutator,getAttackPower,78,KILLED,com.example.haunted.model.TestPlayerExtra.[engine:junit-jupiter]/[class:com.example.haunted.model.TestPlayerExtra]/[method:attackPowerAddsWeaponBonus()]
Player.java,com.example.haunted.model.Player,org.pitest.mutationtest.engine.gregor.mutators.NegateConditionalsMutator,getAttackPower,78,KILLED,com.example.haunted.model.TestPlayerExtra.[engine:junit-jupiter]/[class:com.example.haunted.model.TestPlayerExtra]/[method:attackPowerWithoutWeaponEqualsBaseAttack()]
Player.java,com.example.haunted.model.Player,org.pitest.mutationtest.engine.gregor.mutators.returns.PrimitiveReturnsMutator,getAttackPower,78,KILLED,com.example.haunted.model.TestPlayerExtra.[engine:junit-jupiter]/[class:com.example.haunted.model.TestPlayerExtra]/[method:attackPowerWithoutWeaponEqualsBaseAttack()]
Player.java,com.example.haunted.model.Player,org.pitest.mutationtest.engine.gregor.mutators.returns.PrimitiveReturnsMutator,getBaseAttack,38,KILLED,"com.example.haunted.model.TestPlayer.[engine:junit-jupiter]/[class:com.example.haunted.model.TestPlayer]/[test-template:isBasicGettersWorkingForPlayer(java.lang.String, int, int, int)]/[test-template-invocation:#1]"
Player.java,com.example.haunted.model.Player,org.pitest.mutationtest.engine.gregor.mutators.returns.PrimitiveReturnsMutator,getBaseDefense,42,KILLED,"com.example.haunted.model.TestPlayer.[engine:junit-jupiter]/[class:com.example.haunted.model.TestPlayer]/[test-template:isBasicGettersWorkingForPlayer(java.lang.String, int, int, int)]/[test-template-invocation:#1]"
Player.java,com.example.haunted.model.Player,org.pitest.mutationtest.engine.gregor.mutators.returns.NullReturnValsMutator,getCurrentRoom,58,KILLED,com.example.haunted.engine.TestInteractionEngine.[engine:junit-jupiter]/[class:com.example.haunted.engine.TestInteractionEngine]/[method:unlockRoomWithNoExitFails()]
Player.java,com.example.haunted.model.Player,org.pitest.mutationtest.engine.gregor.mutators.MathMutator,getDefensePower,82,KILLED,com.example.haunted.model.TestPlayerExtra.[engine:junit-jupiter]/[class:com.example.haunted.model.TestPlayerExtra]/[method:defensePowerAddsArmorBonus()]
Player.java,com.example.haunted.model.Player,org.pitest.mutationtest.engine.gregor.mutators.NegateConditionalsMutator,getDefensePower,82,KILLED,com.example.haunted.model.TestPlayerExtra.[engine:junit-jupiter]/[class:com.example.haunted.model.TestPlayerExtra]/[method:defensePowerWithoutArmorEqualsBaseDefense()]
Player.java,com.example.haunted.model.Player,org.pitest.mutationtest.engine.gregor.mutators.returns.PrimitiveReturnsMutator,getDefensePower,82,KILLED,com.example.haunted.model.TestPlayerExtra.[engine:junit-jupiter]/[class:com.example.haunted.model.TestPlayerExtra]/[method:defensePowerWithoutArmorEqualsBaseDefense()]
Player.java,com.example.haunted.model.Player,org.pitest.mutationtest.engine.gregor.mutators.returns.NullReturnValsMutator,getEquippedArmor,54,KILLED,com.example.haunted.engine.TestInteractionEngine.[engine:junit-jupiter]/[class:com.example.haunted.engine.TestInteractionEngine]/[method:equipArmorSucceeds()]
Player.java,com.example.haunted.model.Player,org.pitest.mutationtest.engine.gregor.mutators.returns.NullReturnValsMutator,getEquippedWeapon,50,KILLED,com.example.haunted.model.TestPlayerExtra.[engine:junit-jupiter]/[class:com.example.haunted.model.TestPlayerExtra]/[method:equipReplacesExistingEquipment()]
Player.java,com.example.haunted.model.Player,org.pitest.mutationtest.engine.gregor.mutators.returns.PrimitiveReturnsMutator,getHealth,30,KILLED,"com.example.haunted.model.TestPlayer.[engine:junit-jupiter]/[class:com.example.haunted.model.TestPlayer]/[test-template:isBasicGettersWorkingForPlayer(java.lang.String, int, int, int)]/[test-template-invocation:#1]"
Player.java,com.example.haunted.model.Player,org.pitest.mutationtest.engine.gregor.mutators.returns.NullReturnValsMutator,getInventory,46,KILLED,"com.example.haunted.model.TestPlayer.[engine:junit-jupiter]/[class:com.example.haunted.model.TestPlayer]/[test-template:isBasicGettersWorkingForPlayer(java.lang.String, int, int, int)]/[test-template-invocation:#1]"
Player.java,com.example.haunted.model.Player,org.pitest.mutationtest.engine.gregor.mutators.returns.PrimitiveReturnsMutator,getMaxHealth,34,KILLED,"com.example.haunted.model.TestPlayer.[engine:junit-jupiter]/[class:com.example.haunted.model.TestPlayer]/[test-template:isBasicGettersWorkingForPlayer(java.lang.String, int, int, int)]/[test-template-invocation:#1]"
Player.java,com.example.haunted.model.Player,org.pitest.mutationtest.engine.gregor.mutators.returns.EmptyObjectReturnValsMutator,getName,26,KILLED,"com.example.haunted.model.TestPlayer.[engine:junit-jupiter]/[class:com.example.haunted.model.TestPlayer]/[test-template:isBasicGettersWorkingForPlayer(java.lang.String, int, int, int)]/[test-template-invocation:#1]"
Player.java,com.example.haunted.model.Player,org.pitest.mutationtest.engine.gregor.mutators.MathMutator,heal,70,KILLED,"com.example.haunted.model.TestPlayerExtra.[engine:junit-jupiter]/[class:com.example.haunted.model.TestPlayerExtra]/[test-template:healClampsAtMaxAndIgnoresNegative(int, int, int)]/[test-template-invocation:#3]"
Player.java,com.example.haunted.model.Player,org.pitest.mutationtest.engine.gregor.mutators.ConditionalsBoundaryMutator,isAlive,74,KILLED,"com.example.haunted.model.TestPlayer.[engine:junit-jupiter]/[class:com.example.haunted.model.TestPlayer]/[test-template:makeSureIsAliveWorks(java.lang.String, int, int, int)]/[test-template-invocation:#1]"
Player.java,com.example.haunted.model.Player,org.pitest.mutationtest.engine.gregor.mutators.NegateConditionalsMutator,isAlive,74,KILLED,"com.example.haunted.model.TestPlayer.[engine:junit-jupiter]/[class:com.example.haunted.model.TestPlayer]/[test-template:makeSureIsAliveWorks(java.lang.String, int, int, int)]/[test-template-invocation:#1]"
Player.java,com.example.haunted.model.Player,org.pitest.mutationtest.engine.gregor.mutators.returns.BooleanFalseReturnValsMutator,isAlive,74,KILLED,com.example.haunted.model.TestPlayerExtra.[engine:junit-jupiter]/[class:com.example.haunted.model.TestPlayerExtra]/[method:isAliveBoundaryAtZero()]
Player.java,com.example.haunted.model.Player,org.pitest.mutationtest.engine.gregor.mutators.returns.BooleanTrueReturnValsMutator,isAlive,74,KILLED,"com.example.haunted.model.TestPlayer.[engine:junit-jupiter]/[class:com.example.haunted.model.TestPlayer]/[test-template:makeSureIsAliveWorks(java.lang.String, int, int, int)]/[test-template-invocation:#1]"
Player.java,com.example.haunted.model.Player,org.pitest.mutationtest.engine.gregor.mutators.MathMutator,takeDamage,66,KILLED,"com.example.haunted.model.TestPlayer.[engine:junit-jupiter]/[class:com.example.haunted.model.TestPlayer]/[test-template:makeSureIsAliveWorks(java.lang.String, int, int, int)]/[test-template-invocation:#1]"
Inventory.java,com.example.haunted.model.Inventory,org.pitest.mutationtest.engine.gregor.mutators.NegateConditionalsMutator,addItem,18,KILLED,com.example.haunted.model.TestInventory.[engine:junit-jupiter]/[class:com.example.haunted.model.TestInventory]/[method:zeroCapacityInventoryIsAlwaysFull()]
Inventory.java,com.example.haunted.model.Inventory,org.pitest.mutationtest.engine.gregor.mutators.returns.BooleanFalseReturnValsMutator,addItem,21,KILLED,com.example.haunted.model.TestInventory.[engine:junit-jupiter]/[class:com.example.haunted.model.TestInventory]/[method:addItemReturnsFalseWhenFull()]
Inventory.java,com.example.haunted.model.Inventory,org.pitest.mutationtest.engine.gregor.mutators.returns.BooleanTrueReturnValsMutator,addItem,19,KILLED,com.example.haunted.model.TestInventory.[engine:junit-jupiter]/[class:com.example.haunted.model.TestInventory]/[method:zeroCapacityInventoryIsAlwaysFull()]
Inventory.java,com.example.haunted.model.Inventory,org.pitest.mutationtest.engine.gregor.mutators.returns.BooleanTrueReturnValsMutator,addItem,21,SURVIVED,none
Inventory.java,com.example.haunted.model.Inventory,org.pitest.mutationtest.engine.gregor.mutators.returns.BooleanFalseReturnValsMutator,contains,35,KILLED,com.example.haunted.model.TestInventory.[engine:junit-jupiter]/[class:com.example.haunted.model.TestInventory]/[method:containsReturnsAccurateResult()]
Inventory.java,com.example.haunted.model.Inventory,org.pitest.mutationtest.engine.gregor.mutators.returns.BooleanTrueReturnValsMutator,contains,35,KILLED,com.example.haunted.model.TestInventory.[engine:junit-jupiter]/[class:com.example.haunted.model.TestInventory]/[method:containsReturnsAccurateResult()]
Inventory.java,com.example.haunted.model.Inventory,org.pitest.mutationtest.engine.gregor.mutators.returns.EmptyObjectReturnValsMutator,findItem,25,KILLED,com.example.haunted.model.TestInventory.[engine:junit-jupiter]/[class:com.example.haunted.model.TestInventory]/[method:containsReturnsAccurateResult()]
Inventory.java,com.example.haunted.model.Inventory,org.pitest.mutationtest.engine.gregor.mutators.returns.PrimitiveReturnsMutator,getCapacity,43,KILLED,com.example.haunted.model.TestInventory.[engine:junit-jupiter]/[class:com.example.haunted.model.TestInventory]/[method:newInventoryIsEmptyButNotFull()]
Inventory.java,com.example.haunted.model.Inventory,org.pitest.mutationtest.engine.gregor.mutators.returns.EmptyObjectReturnValsMutator,getItems,47,KILLED,com.example.haunted.model.TestInventory.[engine:junit-jupiter]/[class:com.example.haunted.model.TestInventory]/[method:addItemReturnsFalseWhenFull()]
Inventory.java,com.example.haunted.model.Inventory,org.pitest.mutationtest.engine.gregor.mutators.ConditionalsBoundaryMutator,isFull,39,KILLED,com.example.haunted.model.TestInventory.[engine:junit-jupiter]/[class:com.example.haunted.model.TestInventory]/[method:zeroCapacityInventoryIsAlwaysFull()]
Inventory.java,com.example.haunted.model.Inventory,org.pitest.mutationtest.engine.gregor.mutators.NegateConditionalsMutator,isFull,39,KILLED,com.example.haunted.model.TestInventory.[engine:junit-jupiter]/[class:com.example.haunted.model.TestInventory]/[method:zeroCapacityInventoryIsAlwaysFull()]
Inventory.java,com.example.haunted.model.Inventory,org.pitest.mutationtest.engine.gregor.mutators.returns.BooleanFalseReturnValsMutator,isFull,39,KILLED,com.example.haunted.model.TestInventory.[engine:junit-jupiter]/[class:com.example.haunted.model.TestInventory]/[method:zeroCapacityInventoryIsAlwaysFull()]
Inventory.java,com.example.haunted.model.Inventory,org.pitest.mutationtest.engine.gregor.mutators.returns.BooleanTrueReturnValsMutator,isFull,39,KILLED,com.example.haunted.model.TestInventory.[engine:junit-jupiter]/[class:com.example.haunted.model.TestInventory]/[method:newInventoryIsEmptyButNotFull()]
Inventory.java,com.example.haunted.model.Inventory,org.pitest.mutationtest.engine.gregor.mutators.returns.BooleanFalseReturnValsMutator,lambda$0,25,KILLED,com.example.haunted.model.TestInventory.[engine:junit-jupiter]/[class:com.example.haunted.model.TestInventory]/[method:containsReturnsAccurateResult()]
Inventory.java,com.example.haunted.model.Inventory,org.pitest.mutationtest.engine.gregor.mutators.returns.BooleanTrueReturnValsMutator,lambda$0,25,KILLED,com.example.haunted.model.TestInventory.[engine:junit-jupiter]/[class:com.example.haunted.model.TestInventory]/[method:containsReturnsAccurateResult()]
Inventory.java,com.example.haunted.model.Inventory,org.pitest.mutationtest.engine.gregor.mutators.VoidMethodCallMutator,removeItem,30,KILLED,com.example.haunted.model.TestInventory.[engine:junit-jupiter]/[class:com.example.haunted.model.TestInventory]/[method:removeItemReturnsItemWhenPresent()]
Inventory.java,com.example.haunted.model.Inventory,org.pitest.mutationtest.engine.gregor.mutators.returns.NullReturnValsMutator,removeItem,31,KILLED,com.example.haunted.model.TestInventory.[engine:junit-jupiter]/[class:com.example.haunted.model.TestInventory]/[method:removeItemReturnsItemWhenPresent()]
Quest.java,com.example.haunted.model.Quest,org.pitest.mutationtest.engine.gregor.mutators.returns.EmptyObjectReturnValsMutator,getDescription,23,KILLED,com.example.haunted.model.TestQuest.[engine:junit-jupiter]/[class:com.example.haunted.model.TestQuest]/[method:nameAndDescriptionStoredAsGiven()]
Quest.java,com.example.haunted.model.Quest,org.pitest.mutationtest.engine.gregor.mutators.returns.EmptyObjectReturnValsMutator,getName,19,KILLED,com.example.haunted.model.TestQuest.[engine:junit-jupiter]/[class:com.example.haunted.model.TestQuest]/[method:nameAndDescriptionStoredAsGiven()]
Quest.java,com.example.haunted.model.Quest,org.pitest.mutationtest.engine.gregor.mutators.returns.NullReturnValsMutator,getStatus,27,KILLED,com.example.haunted.model.TestQuest.[engine:junit-jupiter]/[class:com.example.haunted.model.TestQuest]/[method:gradebookAloneMovesQuestToInProgress()]
Quest.java,com.example.haunted.model.Quest,org.pitest.mutationtest.engine.gregor.mutators.NegateConditionalsMutator,isComplete,57,KILLED,com.example.haunted.model.TestQuest.[engine:junit-jupiter]/[class:com.example.haunted.model.TestQuest]/[method:gradebookAloneMovesQuestToInProgress()]
Quest.java,com.example.haunted.model.Quest,org.pitest.mutationtest.engine.gregor.mutators.returns.BooleanFalseReturnValsMutator,isComplete,57,KILLED,com.example.haunted.model.TestQuest.[engine:junit-jupiter]/[class:com.example.haunted.model.TestQuest]/[method:bothFlagsCompleteQuest()]
Quest.java,com.example.haunted.model.Quest,org.pitest.mutationtest.engine.gregor.mutators.returns.BooleanTrueReturnValsMutator,isComplete,57,KILLED,com.example.haunted.model.TestQuest.[engine:junit-jupiter]/[class:com.example.haunted.model.TestQuest]/[method:gradebookAloneMovesQuestToInProgress()]
Quest.java,com.example.haunted.model.Quest,org.pitest.mutationtest.engine.gregor.mutators.returns.BooleanFalseReturnValsMutator,isGradebookRecovered,31,KILLED,com.example.haunted.model.TestQuest.[engine:junit-jupiter]/[class:com.example.haunted.model.TestQuest]/[method:gradebookAloneMovesQuestToInProgress()]
Quest.java,com.example.haunted.model.Quest,org.pitest.mutationtest.engine.gregor.mutators.returns.BooleanTrueReturnValsMutator,isGradebookRecovered,31,KILLED,com.example.haunted.model.TestQuest.[engine:junit-jupiter]/[class:com.example.haunted.model.TestQuest]/[method:newQuestStartsNotStarted()]
Quest.java,com.example.haunted.model.Quest,org.pitest.mutationtest.engine.gregor.mutators.returns.BooleanFalseReturnValsMutator,isPhantomDefeated,35,KILLED,com.example.haunted.model.TestQuest.[engine:junit-jupiter]/[class:com.example.haunted.model.TestQuest]/[method:phantomAloneMovesQuestToInProgress()]
Quest.java,com.example.haunted.model.Quest,org.pitest.mutationtest.engine.gregor.mutators.returns.BooleanTrueReturnValsMutator,isPhantomDefeated,35,KILLED,com.example.haunted.model.TestQuest.[engine:junit-jupiter]/[class:com.example.haunted.model.TestQuest]/[method:newQuestStartsNotStarted()]
Quest.java,com.example.haunted.model.Quest,org.pitest.mutationtest.engine.gregor.mutators.VoidMethodCallMutator,markGradebookRecovered,40,KILLED,com.example.haunted.model.TestQuest.[engine:junit-jupiter]/[class:com.example.haunted.model.TestQuest]/[method:gradebookAloneMovesQuestToInProgress()]
Quest.java,com.example.haunted.model.Quest,org.pitest.mutationtest.engine.gregor.mutators.VoidMethodCallMutator,markPhantomDefeated,45,KILLED,com.example.haunted.model.TestQuest.[engine:junit-jupiter]/[class:com.example.haunted.model.TestQuest]/[method:bothFlagsCompleteQuest()]
Quest.java,com.example.haunted.model.Quest,org.pitest.mutationtest.engine.gregor.mutators.NegateConditionalsMutator,updateStatus,49,KILLED,com.example.haunted.model.TestQuest.[engine:junit-jupiter]/[class:com.example.haunted.model.TestQuest]/[method:bothFlagsCompleteQuest()]
Quest.java,com.example.haunted.model.Quest,org.pitest.mutationtest.engine.gregor.mutators.NegateConditionalsMutator,updateStatus,49,KILLED,com.example.haunted.model.TestQuest.[engine:junit-jupiter]/[class:com.example.haunted.model.TestQuest]/[method:gradebookAloneMovesQuestToInProgress()]
Quest.java,com.example.haunted.model.Quest,org.pitest.mutationtest.engine.gregor.mutators.NegateConditionalsMutator,updateStatus,51,KILLED,com.example.haunted.model.TestQuest.[engine:junit-jupiter]/[class:com.example.haunted.model.TestQuest]/[method:gradebookAloneMovesQuestToInProgress()]
Quest.java,com.example.haunted.model.Quest,org.pitest.mutationtest.engine.gregor.mutators.NegateConditionalsMutator,updateStatus,51,KILLED,com.example.haunted.model.TestQuest.[engine:junit-jupiter]/[class:com.example.haunted.model.TestQuest]/[method:phantomAloneMovesQuestToInProgress()]
GameEngine.java,com.example.haunted.engine.GameEngine,org.pitest.mutationtest.engine.gregor.mutators.returns.NullReturnValsMutator,attack,50,KILLED,com.example.haunted.integration.TestGameIntegration.[engine:junit-jupiter]/[class:com.example.haunted.integration.TestGameIntegration]/[method:attackingNonexistentMonsterReturnsFailure()]
GameEngine.java,com.example.haunted.engine.GameEngine,org.pitest.mutationtest.engine.gregor.mutators.returns.NullReturnValsMutator,equipItem,37,KILLED,com.example.haunted.integration.TestGameIntegration.[engine:junit-jupiter]/[class:com.example.haunted.integration.TestGameIntegration]/[method:equippingNonEquippableItemFails()]
GameEngine.java,com.example.haunted.engine.GameEngine,org.pitest.mutationtest.engine.gregor.mutators.returns.NullReturnValsMutator,getCurrentRoom,62,KILLED,com.example.haunted.config.TestDungeonFactory.[engine:junit-jupiter]/[class:com.example.haunted.config.TestDungeonFactory]/[method:gameEngineIsNotNull()]
GameEngine.java,com.example.haunted.engine.GameEngine,org.pitest.mutationtest.engine.gregor.mutators.returns.NullReturnValsMutator,getPlayer,54,KILLED,com.example.haunted.config.TestDungeonFactory.[engine:junit-jupiter]/[class:com.example.haunted.config.TestDungeonFactory]/[method:gameEngineIsNotNull()]
GameEngine.java,com.example.haunted.engine.GameEngine,org.pitest.mutationtest.engine.gregor.mutators.returns.NullReturnValsMutator,getQuest,58,KILLED,com.example.haunted.config.TestDungeonFactory.[engine:junit-jupiter]/[class:com.example.haunted.config.TestDungeonFactory]/[method:questStartsNotCompleted()]
GameEngine.java,com.example.haunted.engine.GameEngine,org.pitest.mutationtest.engine.gregor.mutators.NegateConditionalsMutator,isGameOver,66,KILLED,com.example.haunted.integration.TestGameIntegration.[engine:junit-jupiter]/[class:com.example.haunted.integration.TestGameIntegration]/[method:playerLosesWhenHealthReachesZero()]
GameEngine.java,com.example.haunted.engine.GameEngine,org.pitest.mutationtest.engine.gregor.mutators.returns.BooleanFalseReturnValsMutator,isGameOver,66,KILLED,com.example.haunted.integration.TestGameIntegration.[engine:junit-jupiter]/[class:com.example.haunted.integration.TestGameIntegration]/[method:playerLosesWhenHealthReachesZero()]
GameEngine.java,com.example.haunted.engine.GameEngine,org.pitest.mutationtest.engine.gregor.mutators.NegateConditionalsMutator,isGameWon,70,KILLED,com.example.haunted.config.TestDungeonFactory.[engine:junit-jupiter]/[class:com.example.haunted.config.TestDungeonFactory]/[method:gameIsNotWonOrOverAtStart()]
GameEngine.java,com.example.haunted.engine.GameEngine,org.pitest.mutationtest.engine.gregor.mutators.NegateConditionalsMutator,isGameWon,70,KILLED,com.example.haunted.integration.TestGameIntegration.[engine:junit-jupiter]/[class:com.example.haunted.integration.TestGameIntegration]/[method:fullHappyPathWinsGame()]
GameEngine.java,com.example.haunted.engine.GameEngine,org.pitest.mutationtest.engine.gregor.mutators.returns.BooleanFalseReturnValsMutator,isGameWon,70,KILLED,com.example.haunted.integration.TestGameIntegration.[engine:junit-jupiter]/[class:com.example.haunted.integration.TestGameIntegration]/[method:fullHappyPathWinsGame()]
GameEngine.java,com.example.haunted.engine.GameEngine,org.pitest.mutationtest.engine.gregor.mutators.returns.BooleanTrueReturnValsMutator,isGameWon,70,KILLED,com.example.haunted.integration.TestGameIntegration.[engine:junit-jupiter]/[class:com.example.haunted.integration.TestGameIntegration]/[method:playerLosesWhenHealthReachesZero()]
GameEngine.java,com.example.haunted.engine.GameEngine,org.pitest.mutationtest.engine.gregor.mutators.returns.NullReturnValsMutator,move,29,KILLED,com.example.haunted.integration.TestGameIntegration.[engine:junit-jupiter]/[class:com.example.haunted.integration.TestGameIntegration]/[method:cannotMoveInDirectionWithNoExit()]
GameEngine.java,com.example.haunted.engine.GameEngine,org.pitest.mutationtest.engine.gregor.mutators.returns.NullReturnValsMutator,pickUpItem,33,KILLED,com.example.haunted.integration.TestGameIntegration.[engine:junit-jupiter]/[class:com.example.haunted.integration.TestGameIntegration]/[method:cannotPickUpItemThatIsNotInRoom()]
GameEngine.java,com.example.haunted.engine.GameEngine,org.pitest.mutationtest.engine.gregor.mutators.returns.NullReturnValsMutator,unlockRoom,45,KILLED,com.example.haunted.integration.TestGameIntegration.[engine:junit-jupiter]/[class:com.example.haunted.integration.TestGameIntegration]/[method:unlockFailsForNonExistentExit()]
GameEngine.java,com.example.haunted.engine.GameEngine,org.pitest.mutationtest.engine.gregor.mutators.returns.NullReturnValsMutator,useItem,41,KILLED,com.example.haunted.integration.TestGameIntegration.[engine:junit-jupiter]/[class:com.example.haunted.integration.TestGameIntegration]/[method:usingItemNotInInventoryFails()]
CombatEngine.java,com.example.haunted.engine.CombatEngine,org.pitest.mutationtest.engine.gregor.mutators.NegateConditionalsMutator,attack,25,KILLED,"com.example.haunted.engine.TestCombatEngine.[engine:junit-jupiter]/[class:com.example.haunted.engine.TestCombatEngine]/[test-template:testAttack(com.example.haunted.model.Player, com.example.haunted.model.Monster, boolean, java.lang.String, int, int, boolean)]/[test-template-invocation:#3]"
CombatEngine.java,com.example.haunted.engine.CombatEngine,org.pitest.mutationtest.engine.gregor.mutators.NegateConditionalsMutator,attack,28,KILLED,"com.example.haunted.engine.TestCombatEngine.[engine:junit-jupiter]/[class:com.example.haunted.engine.TestCombatEngine]/[test-template:testAttack(com.example.haunted.model.Player, com.example.haunted.model.Monster, boolean, java.lang.String, int, int, boolean)]/[test-template-invocation:#3]"
CombatEngine.java,com.example.haunted.engine.CombatEngine,org.pitest.mutationtest.engine.gregor.mutators.NegateConditionalsMutator,attack,31,KILLED,"com.example.haunted.engine.TestCombatEngine.[engine:junit-jupiter]/[class:com.example.haunted.engine.TestCombatEngine]/[test-template:testAttack(com.example.haunted.model.Player, com.example.haunted.model.Monster, boolean, java.lang.String, int, int, boolean)]/[test-template-invocation:#3]"
CombatEngine.java,com.example.haunted.engine.CombatEngine,org.pitest.mutationtest.engine.gregor.mutators.NegateConditionalsMutator,attack,39,KILLED,"com.example.haunted.engine.TestCombatEngine.[engine:junit-jupiter]/[class:com.example.haunted.engine.TestCombatEngine]/[test-template:testAttack(com.example.haunted.model.Player, com.example.haunted.model.Monster, boolean, java.lang.String, int, int, boolean)]/[test-template-invocation:#5]"
CombatEngine.java,com.example.haunted.engine.CombatEngine,org.pitest.mutationtest.engine.gregor.mutators.NegateConditionalsMutator,attack,42,KILLED,"com.example.haunted.engine.TestCombatEngine.[engine:junit-jupiter]/[class:com.example.haunted.engine.TestCombatEngine]/[test-template:testAttack(com.example.haunted.model.Player, com.example.haunted.model.Monster, boolean, java.lang.String, int, int, boolean)]/[test-template-invocation:#5]"
CombatEngine.java,com.example.haunted.engine.CombatEngine,org.pitest.mutationtest.engine.gregor.mutators.VoidMethodCallMutator,attack,36,KILLED,"com.example.haunted.engine.TestCombatEngine.[engine:junit-jupiter]/[class:com.example.haunted.engine.TestCombatEngine]/[test-template:testAttack(com.example.haunted.model.Player, com.example.haunted.model.Monster, boolean, java.lang.String, int, int, boolean)]/[test-template-invocation:#5]"
CombatEngine.java,com.example.haunted.engine.CombatEngine,org.pitest.mutationtest.engine.gregor.mutators.VoidMethodCallMutator,attack,45,KILLED,com.example.haunted.integration.TestGameIntegration.[engine:junit-jupiter]/[class:com.example.haunted.integration.TestGameIntegration]/[method:combatDropsLootIntoRoomAndReturnsIt()]
CombatEngine.java,com.example.haunted.engine.CombatEngine,org.pitest.mutationtest.engine.gregor.mutators.VoidMethodCallMutator,attack,48,KILLED,com.example.haunted.integration.TestGameIntegration.[engine:junit-jupiter]/[class:com.example.haunted.integration.TestGameIntegration]/[method:fullHappyPathWinsGame()]
CombatEngine.java,com.example.haunted.engine.CombatEngine,org.pitest.mutationtest.engine.gregor.mutators.VoidMethodCallMutator,attack,58,SURVIVED,none
CombatEngine.java,com.example.haunted.engine.CombatEngine,org.pitest.mutationtest.engine.gregor.mutators.returns.NullReturnValsMutator,attack,26,KILLED,"com.example.haunted.engine.TestCombatEngine.[engine:junit-jupiter]/[class:com.example.haunted.engine.TestCombatEngine]/[test-template:testAttack(com.example.haunted.model.Player, com.example.haunted.model.Monster, boolean, java.lang.String, int, int, boolean)]/[test-template-invocation:#1]"
CombatEngine.java,com.example.haunted.engine.CombatEngine,org.pitest.mutationtest.engine.gregor.mutators.returns.NullReturnValsMutator,attack,29,KILLED,"com.example.haunted.engine.TestCombatEngine.[engine:junit-jupiter]/[class:com.example.haunted.engine.TestCombatEngine]/[test-template:testAttack(com.example.haunted.model.Player, com.example.haunted.model.Monster, boolean, java.lang.String, int, int, boolean)]/[test-template-invocation:#2]"
CombatEngine.java,com.example.haunted.engine.CombatEngine,org.pitest.mutationtest.engine.gregor.mutators.returns.NullReturnValsMutator,attack,32,KILLED,"com.example.haunted.engine.TestCombatEngine.[engine:junit-jupiter]/[class:com.example.haunted.engine.TestCombatEngine]/[test-template:testAttack(com.example.haunted.model.Player, com.example.haunted.model.Monster, boolean, java.lang.String, int, int, boolean)]/[test-template-invocation:#3]"
CombatEngine.java,com.example.haunted.engine.CombatEngine,org.pitest.mutationtest.engine.gregor.mutators.returns.NullReturnValsMutator,attack,49,KILLED,"com.example.haunted.engine.TestCombatEngine.[engine:junit-jupiter]/[class:com.example.haunted.engine.TestCombatEngine]/[test-template:testAttack(com.example.haunted.model.Player, com.example.haunted.model.Monster, boolean, java.lang.String, int, int, boolean)]/[test-template-invocation:#5]"
CombatEngine.java,com.example.haunted.engine.CombatEngine,org.pitest.mutationtest.engine.gregor.mutators.returns.NullReturnValsMutator,attack,59,KILLED,"com.example.haunted.engine.TestCombatEngine.[engine:junit-jupiter]/[class:com.example.haunted.engine.TestCombatEngine]/[test-template:testAttack(com.example.haunted.model.Player, com.example.haunted.model.Monster, boolean, java.lang.String, int, int, boolean)]/[test-template-invocation:#4]"
Monster.java,com.example.haunted.model.Monster,org.pitest.mutationtest.engine.gregor.mutators.returns.PrimitiveReturnsMutator,getAttack,38,KILLED,"com.example.haunted.model.TestMonster.[engine:junit-jupiter]/[class:com.example.haunted.model.TestMonster]/[test-template:isGettersWorkingForMonster(java.lang.String, int, int, int)]/[test-template-invocation:#1]"
Monster.java,com.example.haunted.model.Monster,org.pitest.mutationtest.engine.gregor.mutators.returns.PrimitiveReturnsMutator,getDefense,42,KILLED,"com.example.haunted.model.TestMonster.[engine:junit-jupiter]/[class:com.example.haunted.model.TestMonster]/[test-template:isGettersWorkingForMonster(java.lang.String, int, int, int)]/[test-template-invocation:#1]"
Monster.java,com.example.haunted.model.Monster,org.pitest.mutationtest.engine.gregor.mutators.returns.PrimitiveReturnsMutator,getHealth,30,KILLED,com.example.haunted.model.TestMonster.[engine:junit-jupiter]/[class:com.example.haunted.model.TestMonster]/[method:healthIsReducedForTakeDamage()]
Monster.java,com.example.haunted.model.Monster,org.pitest.mutationtest.engine.gregor.mutators.returns.EmptyObjectReturnValsMutator,getLoot,54,KILLED,com.example.haunted.engine.TestCombatEngine.[engine:junit-jupiter]/[class:com.example.haunted.engine.TestCombatEngine]/[method:testGetDroppedItems()]
Monster.java,com.example.haunted.model.Monster,org.pitest.mutationtest.engine.gregor.mutators.returns.PrimitiveReturnsMutator,getMaxHealth,34,KILLED,"com.example.haunted.model.TestMonster.[engine:junit-jupiter]/[class:com.example.haunted.model.TestMonster]/[test-template:isGettersWorkingForMonster(java.lang.String, int, int, int)]/[test-template-invocation:#1]"
Monster.java,com.example.haunted.model.Monster,org.pitest.mutationtest.engine.gregor.mutators.returns.EmptyObjectReturnValsMutator,getName,26,KILLED,"com.example.haunted.model.TestMonster.[engine:junit-jupiter]/[class:com.example.haunted.model.TestMonster]/[test-template:isGettersWorkingForMonster(java.lang.String, int, int, int)]/[test-template-invocation:#1]"
Monster.java,com.example.haunted.model.Monster,org.pitest.mutationtest.engine.gregor.mutators.ConditionalsBoundaryMutator,isAlive,50,KILLED,com.example.haunted.model.TestMonster.[engine:junit-jupiter]/[class:com.example.haunted.model.TestMonster]/[method:makeSureIsAliveWorks()]
Monster.java,com.example.haunted.model.Monster,org.pitest.mutationtest.engine.gregor.mutators.NegateConditionalsMutator,isAlive,50,KILLED,com.example.haunted.model.TestMonster.[engine:junit-jupiter]/[class:com.example.haunted.model.TestMonster]/[method:makeSureIsAliveWorks()]
Monster.java,com.example.haunted.model.Monster,org.pitest.mutationtest.engine.gregor.mutators.returns.BooleanFalseReturnValsMutator,isAlive,50,KILLED,com.example.haunted.model.TestBossMonster.[engine:junit-jupiter]/[class:com.example.haunted.model.TestBossMonster]/[method:bossInheritsMonsterBehavior()]
Monster.java,com.example.haunted.model.Monster,org.pitest.mutationtest.engine.gregor.mutators.returns.BooleanTrueReturnValsMutator,isAlive,50,KILLED,com.example.haunted.model.TestMonster.[engine:junit-jupiter]/[class:com.example.haunted.model.TestMonster]/[method:makeSureIsAliveWorks()]
Monster.java,com.example.haunted.model.Monster,org.pitest.mutationtest.engine.gregor.mutators.MathMutator,takeDamage,46,KILLED,com.example.haunted.model.TestMonster.[engine:junit-jupiter]/[class:com.example.haunted.model.TestMonster]/[method:healthIsReducedForTakeDamage()]
MovementEngine.java,com.example.haunted.engine.MovementEngine,org.pitest.mutationtest.engine.gregor.mutators.NegateConditionalsMutator,move,22,KILLED,com.example.haunted.engine.TestMovementEngine.[engine:junit-jupiter]/[class:com.example.haunted.engine.TestMovementEngine]/[method:moveIntoDirectionWithNoExitFails()]
MovementEngine.java,com.example.haunted.engine.MovementEngine,org.pitest.mutationtest.engine.gregor.mutators.NegateConditionalsMutator,move,26,KILLED,com.example.haunted.engine.TestMovementEngine.[engine:junit-jupiter]/[class:com.example.haunted.engine.TestMovementEngine]/[method:moveIntoLockedRoomFails()]
MovementEngine.java,com.example.haunted.engine.MovementEngine,org.pitest.mutationtest.engine.gregor.mutators.NegateConditionalsMutator,move,32,KILLED,com.example.haunted.engine.TestMovementEngine.[engine:junit-jupiter]/[class:com.example.haunted.engine.TestMovementEngine]/[method:moveIntoUnlockedRoomSucceeds()]
MovementEngine.java,com.example.haunted.engine.MovementEngine,org.pitest.mutationtest.engine.gregor.mutators.NegateConditionalsMutator,move,32,KILLED,com.example.haunted.engine.TestMovementEngine.[engine:junit-jupiter]/[class:com.example.haunted.engine.TestMovementEngine]/[method:unarmedTrapDoesNotTriggerOnMove()]
MovementEngine.java,com.example.haunted.engine.MovementEngine,org.pitest.mutationtest.engine.gregor.mutators.VoidMethodCallMutator,move,30,KILLED,com.example.haunted.engine.TestMovementEngine.[engine:junit-jupiter]/[class:com.example.haunted.engine.TestMovementEngine]/[method:moveIntoUnlockedRoomSucceeds()]
MovementEngine.java,com.example.haunted.engine.MovementEngine,org.pitest.mutationtest.engine.gregor.mutators.returns.NullReturnValsMutator,move,23,KILLED,com.example.haunted.engine.TestMovementEngine.[engine:junit-jupiter]/[class:com.example.haunted.engine.TestMovementEngine]/[method:moveIntoDirectionWithNoExitFails()]
MovementEngine.java,com.example.haunted.engine.MovementEngine,org.pitest.mutationtest.engine.gregor.mutators.returns.NullReturnValsMutator,move,27,KILLED,com.example.haunted.engine.TestMovementEngine.[engine:junit-jupiter]/[class:com.example.haunted.engine.TestMovementEngine]/[method:moveIntoLockedRoomFails()]
MovementEngine.java,com.example.haunted.engine.MovementEngine,org.pitest.mutationtest.engine.gregor.mutators.returns.NullReturnValsMutator,move,34,KILLED,com.example.haunted.engine.TestMovementEngine.[engine:junit-jupiter]/[class:com.example.haunted.engine.TestMovementEngine]/[method:moveIntoRoomWithArmedTrapTakesDamageAndReports()]
MovementEngine.java,com.example.haunted.engine.MovementEngine,org.pitest.mutationtest.engine.gregor.mutators.returns.NullReturnValsMutator,move,40,KILLED,com.example.haunted.engine.TestMovementEngine.[engine:junit-jupiter]/[class:com.example.haunted.engine.TestMovementEngine]/[method:moveIntoUnlockedRoomSucceeds()]
CombatResult.java,com.example.haunted.events.CombatResult,org.pitest.mutationtest.engine.gregor.mutators.returns.PrimitiveReturnsMutator,getDamageToMonster,36,KILLED,com.example.haunted.events.TestResultObjects.[engine:junit-jupiter]/[class:com.example.haunted.events.TestResultObjects]/[method:combatResultGettersReturnConstructorValues()]
CombatResult.java,com.example.haunted.events.CombatResult,org.pitest.mutationtest.engine.gregor.mutators.returns.PrimitiveReturnsMutator,getDamageToPlayer,40,KILLED,com.example.haunted.events.TestResultObjects.[engine:junit-jupiter]/[class:com.example.haunted.events.TestResultObjects]/[method:combatResultGettersReturnConstructorValues()]
CombatResult.java,com.example.haunted.events.CombatResult,org.pitest.mutationtest.engine.gregor.mutators.returns.EmptyObjectReturnValsMutator,getDroppedItems,48,KILLED,com.example.haunted.events.TestResultObjects.[engine:junit-jupiter]/[class:com.example.haunted.events.TestResultObjects]/[method:combatResultDroppedItemsIsDefensiveCopy()]
CombatResult.java,com.example.haunted.events.CombatResult,org.pitest.mutationtest.engine.gregor.mutators.returns.EmptyObjectReturnValsMutator,getMessage,32,KILLED,"com.example.haunted.engine.TestCombatEngine.[engine:junit-jupiter]/[class:com.example.haunted.engine.TestCombatEngine]/[test-template:testAttack(com.example.haunted.model.Player, com.example.haunted.model.Monster, boolean, java.lang.String, int, int, boolean)]/[test-template-invocation:#3]"
CombatResult.java,com.example.haunted.events.CombatResult,org.pitest.mutationtest.engine.gregor.mutators.returns.BooleanFalseReturnValsMutator,isMonsterDefeated,44,KILLED,"com.example.haunted.engine.TestCombatEngine.[engine:junit-jupiter]/[class:com.example.haunted.engine.TestCombatEngine]/[test-template:testAttack(com.example.haunted.model.Player, com.example.haunted.model.Monster, boolean, java.lang.String, int, int, boolean)]/[test-template-invocation:#3]"
CombatResult.java,com.example.haunted.events.CombatResult,org.pitest.mutationtest.engine.gregor.mutators.returns.BooleanTrueReturnValsMutator,isMonsterDefeated,44,KILLED,com.example.haunted.events.TestResultObjects.[engine:junit-jupiter]/[class:com.example.haunted.events.TestResultObjects]/[method:combatResultFalseStateIsCorrectlyReported()]
CombatResult.java,com.example.haunted.events.CombatResult,org.pitest.mutationtest.engine.gregor.mutators.returns.BooleanFalseReturnValsMutator,isSuccess,28,KILLED,com.example.haunted.events.TestResultObjects.[engine:junit-jupiter]/[class:com.example.haunted.events.TestResultObjects]/[method:combatResultGettersReturnConstructorValues()]
CombatResult.java,com.example.haunted.events.CombatResult,org.pitest.mutationtest.engine.gregor.mutators.returns.BooleanTrueReturnValsMutator,isSuccess,28,KILLED,com.example.haunted.events.TestResultObjects.[engine:junit-jupiter]/[class:com.example.haunted.events.TestResultObjects]/[method:combatResultFalseStateIsCorrectlyReported()]
TrapResolver.java,com.example.haunted.rules.TrapResolver,org.pitest.mutationtest.engine.gregor.mutators.NegateConditionalsMutator,resolveTrap,9,KILLED,com.example.haunted.rules.TestTrapResolverExtra.[engine:junit-jupiter]/[class:com.example.haunted.rules.TestTrapResolverExtra]/[method:nullTrapReturnsFailureWithoutTouchingPlayer()]
TrapResolver.java,com.example.haunted.rules.TrapResolver,org.pitest.mutationtest.engine.gregor.mutators.NegateConditionalsMutator,resolveTrap,9,KILLED,"com.example.haunted.model.TrapResolverTest.[engine:junit-jupiter]/[class:com.example.haunted.model.TrapResolverTest]/[test-template:testResolveTrap(com.example.haunted.model.Trap, boolean, java.lang.String, int)]/[test-template-invocation:#2]"
TrapResolver.java,com.example.haunted.rules.TrapResolver,org.pitest.mutationtest.engine.gregor.mutators.NegateConditionalsMutator,resolveTrap,14,KILLED,com.example.haunted.rules.TestTrapResolverExtra.[engine:junit-jupiter]/[class:com.example.haunted.rules.TestTrapResolverExtra]/[method:repeatingTrapStaysArmedAfterTriggering()]
TrapResolver.java,com.example.haunted.rules.TrapResolver,org.pitest.mutationtest.engine.gregor.mutators.VoidMethodCallMutator,resolveTrap,13,KILLED,"com.example.haunted.model.TrapResolverTest.[engine:junit-jupiter]/[class:com.example.haunted.model.TrapResolverTest]/[test-template:testResolveTrap(com.example.haunted.model.Trap, boolean, java.lang.String, int)]/[test-template-invocation:#3]"
TrapResolver.java,com.example.haunted.rules.TrapResolver,org.pitest.mutationtest.engine.gregor.mutators.VoidMethodCallMutator,resolveTrap,15,KILLED,com.example.haunted.rules.TestTrapResolverExtra.[engine:junit-jupiter]/[class:com.example.haunted.rules.TestTrapResolverExtra]/[method:oneTimeTrapDisarmsItselfAfterTriggering()]
TrapResolver.java,com.example.haunted.rules.TrapResolver,org.pitest.mutationtest.engine.gregor.mutators.returns.NullReturnValsMutator,resolveTrap,10,KILLED,"com.example.haunted.model.TrapResolverTest.[engine:junit-jupiter]/[class:com.example.haunted.model.TrapResolverTest]/[test-template:testResolveTrap(com.example.haunted.model.Trap, boolean, java.lang.String, int)]/[test-template-invocation:#2]"
TrapResolver.java,com.example.haunted.rules.TrapResolver,org.pitest.mutationtest.engine.gregor.mutators.returns.NullReturnValsMutator,resolveTrap,18,KILLED,com.example.haunted.rules.TestTrapResolverExtra.[engine:junit-jupiter]/[class:com.example.haunted.rules.TestTrapResolverExtra]/[method:triggerMessageContainsNameAndDamage()]
Trap.java,com.example.haunted.model.Trap,org.pitest.mutationtest.engine.gregor.mutators.returns.PrimitiveReturnsMutator,getDamage,29,KILLED,"com.example.haunted.model.TrapTest.[engine:junit-jupiter]/[class:com.example.haunted.model.TrapTest]/[test-template:makeTrap(java.lang.String, com.example.haunted.model.TrapType, int, boolean, boolean)]/[test-template-invocation:#2]"
Trap.java,com.example.haunted.model.Trap,org.pitest.mutationtest.engine.gregor.mutators.returns.EmptyObjectReturnValsMutator,getName,21,KILLED,"com.example.haunted.model.TrapTest.[engine:junit-jupiter]/[class:com.example.haunted.model.TrapTest]/[test-template:makeTrap(java.lang.String, com.example.haunted.model.TrapType, int, boolean, boolean)]/[test-template-invocation:#2]"
Trap.java,com.example.haunted.model.Trap,org.pitest.mutationtest.engine.gregor.mutators.returns.NullReturnValsMutator,getType,25,KILLED,"com.example.haunted.model.TrapTest.[engine:junit-jupiter]/[class:com.example.haunted.model.TrapTest]/[test-template:makeTrap(java.lang.String, com.example.haunted.model.TrapType, int, boolean, boolean)]/[test-template-invocation:#2]"
Trap.java,com.example.haunted.model.Trap,org.pitest.mutationtest.engine.gregor.mutators.returns.BooleanFalseReturnValsMutator,isArmed,33,KILLED,"com.example.haunted.model.TrapTest.[engine:junit-jupiter]/[class:com.example.haunted.model.TrapTest]/[test-template:makeTrap(java.lang.String, com.example.haunted.model.TrapType, int, boolean, boolean)]/[test-template-invocation:#2]"
Trap.java,com.example.haunted.model.Trap,org.pitest.mutationtest.engine.gregor.mutators.returns.BooleanTrueReturnValsMutator,isArmed,33,KILLED,com.example.haunted.model.TrapTest.[engine:junit-jupiter]/[class:com.example.haunted.model.TrapTest]/[method:testTrapDisarm()]
Trap.java,com.example.haunted.model.Trap,org.pitest.mutationtest.engine.gregor.mutators.returns.BooleanFalseReturnValsMutator,isOneTimeTrigger,37,KILLED,"com.example.haunted.model.TrapTest.[engine:junit-jupiter]/[class:com.example.haunted.model.TrapTest]/[test-template:makeTrap(java.lang.String, com.example.haunted.model.TrapType, int, boolean, boolean)]/[test-template-invocation:#2]"
Trap.java,com.example.haunted.model.Trap,org.pitest.mutationtest.engine.gregor.mutators.returns.BooleanTrueReturnValsMutator,isOneTimeTrigger,37,KILLED,"com.example.haunted.model.TrapTest.[engine:junit-jupiter]/[class:com.example.haunted.model.TrapTest]/[test-template:makeTrap(java.lang.String, com.example.haunted.model.TrapType, int, boolean, boolean)]/[test-template-invocation:#3]"
QuestTracker.java,com.example.haunted.rules.QuestTracker,org.pitest.mutationtest.engine.gregor.mutators.NegateConditionalsMutator,updateQuestForItem,9,KILLED,com.example.haunted.rules.TestQuestTracker.[engine:junit-jupiter]/[class:com.example.haunted.rules.TestQuestTracker]/[method:nullItemDoesNotCrashAndHasNoEffect()]
QuestTracker.java,com.example.haunted.rules.QuestTracker,org.pitest.mutationtest.engine.gregor.mutators.NegateConditionalsMutator,updateQuestForItem,9,KILLED,com.example.haunted.rules.TestQuestTracker.[engine:junit-jupiter]/[class:com.example.haunted.rules.TestQuestTracker]/[method:pickingUpOtherItemDoesNotMarkGradebook()]
QuestTracker.java,com.example.haunted.rules.QuestTracker,org.pitest.mutationtest.engine.gregor.mutators.VoidMethodCallMutator,updateQuestForItem,10,KILLED,com.example.haunted.rules.TestQuestTracker.[engine:junit-jupiter]/[class:com.example.haunted.rules.TestQuestTracker]/[method:pickingUpLostGradebookIsCaseInsensitive()]
QuestTracker.java,com.example.haunted.rules.QuestTracker,org.pitest.mutationtest.engine.gregor.mutators.NegateConditionalsMutator,updateQuestForMonster,15,KILLED,com.example.haunted.rules.TestQuestTracker.[engine:junit-jupiter]/[class:com.example.haunted.rules.TestQuestTracker]/[method:nullMonsterDoesNotCrash()]
QuestTracker.java,com.example.haunted.rules.QuestTracker,org.pitest.mutationtest.engine.gregor.mutators.NegateConditionalsMutator,updateQuestForMonster,15,KILLED,com.example.haunted.rules.TestQuestTracker.[engine:junit-jupiter]/[class:com.example.haunted.rules.TestQuestTracker]/[method:killingOtherMonsterDoesNotMarkPhantom()]
QuestTracker.java,com.example.haunted.rules.QuestTracker,org.pitest.mutationtest.engine.gregor.mutators.NegateConditionalsMutator,updateQuestForMonster,15,KILLED,com.example.haunted.rules.TestQuestTracker.[engine:junit-jupiter]/[class:com.example.haunted.rules.TestQuestTracker]/[method:aliveFinalExamPhantomDoesNotMarkDefeated()]
QuestTracker.java,com.example.haunted.rules.QuestTracker,org.pitest.mutationtest.engine.gregor.mutators.VoidMethodCallMutator,updateQuestForMonster,16,KILLED,com.example.haunted.rules.TestQuestTracker.[engine:junit-jupiter]/[class:com.example.haunted.rules.TestQuestTracker]/[method:killingFinalExamPhantomMarksPhantomFlag()]
BossMonster.java,com.example.haunted.model.BossMonster,org.pitest.mutationtest.engine.gregor.mutators.ConditionalsBoundaryMutator,getCurrentAttack,14,KILLED,"com.example.haunted.model.TestBossMonster.[engine:junit-jupiter]/[class:com.example.haunted.model.TestBossMonster]/[test-template:getCurrentAttackRespectsEnrageBoundary(int, int, int, int, int)]/[test-template-invocation:#3]"
BossMonster.java,com.example.haunted.model.BossMonster,org.pitest.mutationtest.engine.gregor.mutators.MathMutator,getCurrentAttack,14,KILLED,"com.example.haunted.model.TestBossMonster.[engine:junit-jupiter]/[class:com.example.haunted.model.TestBossMonster]/[test-template:getCurrentAttackRespectsEnrageBoundary(int, int, int, int, int)]/[test-template-invocation:#2]"
BossMonster.java,com.example.haunted.model.BossMonster,org.pitest.mutationtest.engine.gregor.mutators.MathMutator,getCurrentAttack,15,KILLED,"com.example.haunted.model.TestBossMonster.[engine:junit-jupiter]/[class:com.example.haunted.model.TestBossMonster]/[test-template:getCurrentAttackRespectsEnrageBoundary(int, int, int, int, int)]/[test-template-invocation:#3]"
BossMonster.java,com.example.haunted.model.BossMonster,org.pitest.mutationtest.engine.gregor.mutators.NegateConditionalsMutator,getCurrentAttack,14,KILLED,"com.example.haunted.model.TestBossMonster.[engine:junit-jupiter]/[class:com.example.haunted.model.TestBossMonster]/[test-template:getCurrentAttackRespectsEnrageBoundary(int, int, int, int, int)]/[test-template-invocation:#3]"
BossMonster.java,com.example.haunted.model.BossMonster,org.pitest.mutationtest.engine.gregor.mutators.returns.PrimitiveReturnsMutator,getCurrentAttack,15,KILLED,"com.example.haunted.model.TestBossMonster.[engine:junit-jupiter]/[class:com.example.haunted.model.TestBossMonster]/[test-template:getCurrentAttackRespectsEnrageBoundary(int, int, int, int, int)]/[test-template-invocation:#3]"
BossMonster.java,com.example.haunted.model.BossMonster,org.pitest.mutationtest.engine.gregor.mutators.returns.PrimitiveReturnsMutator,getCurrentAttack,17,KILLED,"com.example.haunted.model.TestBossMonster.[engine:junit-jupiter]/[class:com.example.haunted.model.TestBossMonster]/[test-template:getCurrentAttackRespectsEnrageBoundary(int, int, int, int, int)]/[test-template-invocation:#2]"
MoveResult.java,com.example.haunted.events.MoveResult,org.pitest.mutationtest.engine.gregor.mutators.returns.EmptyObjectReturnValsMutator,getMessage,21,KILLED,com.example.haunted.events.TestResultObjects.[engine:junit-jupiter]/[class:com.example.haunted.events.TestResultObjects]/[method:moveResultGettersReturnConstructorValues()]
MoveResult.java,com.example.haunted.events.MoveResult,org.pitest.mutationtest.engine.gregor.mutators.returns.PrimitiveReturnsMutator,getTrapDamage,29,KILLED,com.example.haunted.events.TestResultObjects.[engine:junit-jupiter]/[class:com.example.haunted.events.TestResultObjects]/[method:moveResultGettersReturnConstructorValues()]
MoveResult.java,com.example.haunted.events.MoveResult,org.pitest.mutationtest.engine.gregor.mutators.returns.BooleanFalseReturnValsMutator,isSuccess,17,KILLED,com.example.haunted.events.TestResultObjects.[engine:junit-jupiter]/[class:com.example.haunted.events.TestResultObjects]/[method:moveResultGettersReturnConstructorValues()]
MoveResult.java,com.example.haunted.events.MoveResult,org.pitest.mutationtest.engine.gregor.mutators.returns.BooleanTrueReturnValsMutator,isSuccess,17,KILLED,com.example.haunted.events.TestResultObjects.[engine:junit-jupiter]/[class:com.example.haunted.events.TestResultObjects]/[method:moveResultFailedDoesNotReportTrap()]
MoveResult.java,com.example.haunted.events.MoveResult,org.pitest.mutationtest.engine.gregor.mutators.returns.BooleanFalseReturnValsMutator,isTrapTriggered,25,KILLED,com.example.haunted.events.TestResultObjects.[engine:junit-jupiter]/[class:com.example.haunted.events.TestResultObjects]/[method:moveResultGettersReturnConstructorValues()]
MoveResult.java,com.example.haunted.events.MoveResult,org.pitest.mutationtest.engine.gregor.mutators.returns.BooleanTrueReturnValsMutator,isTrapTriggered,25,KILLED,com.example.haunted.events.TestResultObjects.[engine:junit-jupiter]/[class:com.example.haunted.events.TestResultObjects]/[method:moveResultFailedDoesNotReportTrap()]
DamageCalculator.java,com.example.haunted.rules.DamageCalculator,org.pitest.mutationtest.engine.gregor.mutators.MathMutator,calculateMonsterDamage,14,KILLED,"com.example.haunted.rules.TestDamageCalculator.[engine:junit-jupiter]/[class:com.example.haunted.rules.TestDamageCalculator]/[test-template:calculateMonsterDamageFloorsAtOne(int, int, int, int)]/[test-template-invocation:#4]"
DamageCalculator.java,com.example.haunted.rules.DamageCalculator,org.pitest.mutationtest.engine.gregor.mutators.NegateConditionalsMutator,calculateMonsterDamage,13,KILLED,com.example.haunted.rules.TestDamageCalculator.[engine:junit-jupiter]/[class:com.example.haunted.rules.TestDamageCalculator]/[method:plainMonsterUsesItsOwnAttackValue()]
DamageCalculator.java,com.example.haunted.rules.DamageCalculator,org.pitest.mutationtest.engine.gregor.mutators.returns.PrimitiveReturnsMutator,calculateMonsterDamage,14,KILLED,com.example.haunted.rules.TestDamageCalculator.[engine:junit-jupiter]/[class:com.example.haunted.rules.TestDamageCalculator]/[method:plainMonsterUsesItsOwnAttackValue()]
DamageCalculator.java,com.example.haunted.rules.DamageCalculator,org.pitest.mutationtest.engine.gregor.mutators.MathMutator,calculatePlayerDamage,9,KILLED,"com.example.haunted.rules.TestDamageCalculator.[engine:junit-jupiter]/[class:com.example.haunted.rules.TestDamageCalculator]/[test-template:calculatePlayerDamageFloorsAtOne(int, int, int, int)]/[test-template-invocation:#2]"
DamageCalculator.java,com.example.haunted.rules.DamageCalculator,org.pitest.mutationtest.engine.gregor.mutators.returns.PrimitiveReturnsMutator,calculatePlayerDamage,9,KILLED,"com.example.haunted.rules.TestDamageCalculator.[engine:junit-jupiter]/[class:com.example.haunted.rules.TestDamageCalculator]/[test-template:calculatePlayerDamageFloorsAtOne(int, int, int, int)]/[test-template-invocation:#2]"
Item.java,com.example.haunted.model.Item,org.pitest.mutationtest.engine.gregor.mutators.returns.EmptyObjectReturnValsMutator,getDescription,19,KILLED,com.example.haunted.model.TestItemTypes.[engine:junit-jupiter]/[class:com.example.haunted.model.TestItemTypes]/[method:weaponStoresAttackBonus()]
Item.java,com.example.haunted.model.Item,org.pitest.mutationtest.engine.gregor.mutators.returns.EmptyObjectReturnValsMutator,getName,15,KILLED,com.example.haunted.model.TestItemTypes.[engine:junit-jupiter]/[class:com.example.haunted.model.TestItemTypes]/[method:armorStoresDefenseBonus()]
Item.java,com.example.haunted.model.Item,org.pitest.mutationtest.engine.gregor.mutators.returns.EmptyObjectReturnValsMutator,toString,24,KILLED,com.example.haunted.model.TestItemTypes.[engine:junit-jupiter]/[class:com.example.haunted.model.TestItemTypes]/[method:itemToStringReturnsName()]
Main.java,com.example.haunted.Main,org.pitest.mutationtest.engine.gregor.mutators.VoidMethodCallMutator,main,10,NO_COVERAGE,none
Main.java,com.example.haunted.Main,org.pitest.mutationtest.engine.gregor.mutators.VoidMethodCallMutator,main,11,NO_COVERAGE,none
Main.java,com.example.haunted.Main,org.pitest.mutationtest.engine.gregor.mutators.VoidMethodCallMutator,main,12,NO_COVERAGE,none
InteractionResult.java,com.example.haunted.events.InteractionResult,org.pitest.mutationtest.engine.gregor.mutators.returns.EmptyObjectReturnValsMutator,getMessage,17,KILLED,com.example.haunted.events.TestResultObjects.[engine:junit-jupiter]/[class:com.example.haunted.events.TestResultObjects]/[method:interactionResultGettersReturnConstructorValues()]
InteractionResult.java,com.example.haunted.events.InteractionResult,org.pitest.mutationtest.engine.gregor.mutators.returns.BooleanFalseReturnValsMutator,isSuccess,13,KILLED,com.example.haunted.events.TestResultObjects.[engine:junit-jupiter]/[class:com.example.haunted.events.TestResultObjects]/[method:interactionResultGettersReturnConstructorValues()]
InteractionResult.java,com.example.haunted.events.InteractionResult,org.pitest.mutationtest.engine.gregor.mutators.returns.BooleanTrueReturnValsMutator,isSuccess,13,KILLED,com.example.haunted.events.TestResultObjects.[engine:junit-jupiter]/[class:com.example.haunted.events.TestResultObjects]/[method:interactionResultFailureReportsFalse()]
Potion.java,com.example.haunted.model.Potion,org.pitest.mutationtest.engine.gregor.mutators.returns.PrimitiveReturnsMutator,getHealingAmount,12,KILLED,com.example.haunted.model.TestItemTypes.[engine:junit-jupiter]/[class:com.example.haunted.model.TestItemTypes]/[method:potionStoresHealingAmount()]
Potion.java,com.example.haunted.model.Potion,org.pitest.mutationtest.engine.gregor.mutators.VoidMethodCallMutator,use,17,KILLED,com.example.haunted.model.TestItemTypes.[engine:junit-jupiter]/[class:com.example.haunted.model.TestItemTypes]/[method:potionUseDoesNotExceedMaxHealth()]
Weapon.java,com.example.haunted.model.Weapon,org.pitest.mutationtest.engine.gregor.mutators.returns.PrimitiveReturnsMutator,getAttackBonus,12,KILLED,com.example.haunted.model.TestItemTypes.[engine:junit-jupiter]/[class:com.example.haunted.model.TestItemTypes]/[method:weaponStoresAttackBonus()]
Armor.java,com.example.haunted.model.Armor,org.pitest.mutationtest.engine.gregor.mutators.returns.PrimitiveReturnsMutator,getDefenseBonus,12,KILLED,com.example.haunted.model.TestItemTypes.[engine:junit-jupiter]/[class:com.example.haunted.model.TestItemTypes]/[method:armorStoresDefenseBonus()]
